{
    "root_group": {
        "path": "",
        "id": "d41d8cd98f00b204e9800998ecf8427e",
        "groups": {},
        "checks": {
                "healthz 200": {
                    "name": "healthz 200",
                    "path": "::healthz 200",
                    "id": "7cbb82a58ab2fa2fc1c6f11ca1faf31b",
                    "passes": 10,
                    "fails": 0
                },
                "events 200": {
                    "path": "::events 200",
                    "id": "76bdd0589e3db2f73358e667a40fa019",
                    "passes": 10,
                    "fails": 0,
                    "name": "events 200"
                }
            },
        "name": ""
    },
    "metrics": {
        "http_req_receiving": {
            "p(90)": 0.24810000000000001,
            "p(95)": 0.32934999999999987,
            "avg": 0.1387,
            "min": 0.02,
            "med": 0.1085,
            "max": 0.488
        },
        "iterations": {
            "count": 10,
            "rate": 0.9904861821234676
        },
        "iteration_duration": {
            "p(95)": 1012.8497125,
            "avg": 1009.0383503999999,
            "min": 1004.111167,
            "med": 1009.4779169999999,
            "max": 1014.023875,
            "p(90)": 1011.67555
        },
        "checks": {
            "passes": 20,
            "fails": 0,
            "value": 1
        },
        "http_reqs": {
            "count": 20,
            "rate": 1.9809723642469352
        },
        "http_req_connecting": {
            "min": 0,
            "med": 0,
            "max": 0.35,
            "p(90)": 0,
            "p(95)": 0.017499999999999703,
            "avg": 0.017499999999999998
        },
        "http_req_waiting": {
            "avg": 3.2781999999999996,
            "min": 0.981,
            "med": 3.0534999999999997,
            "max": 7.034,
            "p(90)": 4.745000000000001,
            "p(95)": 6.46685
        },
        "http_req_failed": {
            "passes": 0,
            "fails": 20,
            "value": 0
        },
        "http_req_sending": {
            "avg": 0.03665,
            "min": 0.003,
            "med": 0.026500000000000003,
            "max": 0.128,
            "p(90)": 0.06430000000000002,
            "p(95)": 0.11279999999999998
        },
        "vus_max": {
            "max": 1,
            "value": 1,
            "min": 1
        },
        "http_req_duration": {
            "avg": 3.45355,
            "min": 1.058,
            "med": 3.2915,
            "max": 7.12,
            "p(90)": 5.0243,
            "p(95)": 6.61935
        },
        "data_sent": {
            "count": 1530,
            "rate": 151.54438586489056
        },
        "http_req_blocked": {
            "avg": 0.09139999999999995,
            "min": 0.001,
            "med": 0.0115,
            "max": 1.427,
            "p(90)": 0.07580000000000002,
            "p(95)": 0.1843999999999989
        },
        "http_req_tls_handshaking": {
            "min": 0,
            "med": 0,
            "max": 0,
            "p(90)": 0,
            "p(95)": 0,
            "avg": 0
        },
        "vus": {
            "max": 1,
            "value": 1,
            "min": 1
        },
        "http_req_duration{expected_response:true}": {
            "max": 7.12,
            "p(90)": 5.0243,
            "p(95)": 6.61935,
            "avg": 3.45355,
            "min": 1.058,
            "med": 3.2915
        },
        "data_received": {
            "count": 21670,
            "rate": 2146.3835566615544
        }
    }
}